idx,topic,question,expected,predicted,correct,latency_s,mem_tokens,control,stateless_verdict,flipped
2,Post-money valuation metrics,What are the key factors to consider when calculating post-money valuation in a startup financing round?,True,True,True,2.42,70,label_shuffled,True,False
3,Post-money valuation metrics,What are the key factors to consider when calculating post-money valuation in a startup financing round?,False,False,True,2.18,79,label_shuffled,False,False
4,Convertible notes vs SAFE in seed funding,"When considering seed funding, what are the critical differences between using convertible notes and SAFEs?",True,True,True,1.52,85,label_shuffled,True,False
5,Convertible notes vs SAFE in seed funding,"When considering seed funding, what are the critical differences between using convertible notes and SAFEs?",False,True,False,2.19,80,label_shuffled,True,False
6,Series A vs Series B funding terms,What are the key differences in funding terms between Series A and Series B rounds?,True,True,True,1.75,82,label_shuffled,True,False
7,Series A vs Series B funding terms,What are the key differences in funding terms between Series A and Series B rounds?,False,True,False,1.82,79,label_shuffled,False,True
12,Indicators of overvaluation in tech startups,What are the critical indicators you look for to assess whether a tech startup is overvalued in its current funding round?,True,True,True,1.73,80,label_shuffled,True,False
13,Indicators of overvaluation in tech startups,What are the critical indicators you look for to assess whether a tech startup is overvalued in its current funding round?,False,False,True,2.51,81,label_shuffled,False,False
16,Evaluating product-market fit in early-stage companies,What specific indicators would you look for to assess product-market fit in an early-stage startup?,True,True,True,1.85,82,label_shuffled,True,False
17,Evaluating product-market fit in early-stage companies,What specific indicators would you look for to assess product-market fit in an early-stage startup?,False,False,True,2.83,74,label_shuffled,False,False
22,Navigating regulatory challenges for fintech startups,How should a fintech startup prepare for regulatory compliance to secure both investor confidence and market entry?,True,True,True,1.77,80,label_shuffled,True,False
23,Navigating regulatory challenges for fintech startups,How should a fintech startup prepare for regulatory compliance to secure both investor confidence and market entry?,False,True,False,1.59,81,label_shuffled,True,False
28,Revenue forecasting methods for startups,How should startups approach revenue forecasting in their early stages to attract VC interest?,True,True,True,2.93,74,label_shuffled,True,False
29,Revenue forecasting methods for startups,How should startups approach revenue forecasting in their early stages to attract VC interest?,False,True,False,2.28,83,label_shuffled,True,False
30,Due diligence checklists for early-stage investments,"What are the top 3 components of a due diligence checklist for early-stage startups, and how do they impact investment decisions?",True,True,True,2.13,83,label_shuffled,True,False
31,Due diligence checklists for early-stage investments,"What are the top 3 components of a due diligence checklist for early-stage startups, and how do they impact investment decisions?",False,False,True,3.95,85,label_shuffled,False,False
34,Exit strategies for SaaS companies,What are the key factors to consider when planning an exit strategy for a SaaS company?,True,True,True,1.81,80,label_shuffled,True,False
35,Exit strategies for SaaS companies,What are the key factors to consider when planning an exit strategy for a SaaS company?,False,True,False,1.9,79,label_shuffled,True,False
40,Pattern recognition in tech market cycles,What indicators signal the peak of a tech market cycle and how should VCs adjust strategies accordingly?,True,True,True,2.21,77,label_shuffled,True,False
41,Pattern recognition in tech market cycles,What indicators signal the peak of a tech market cycle and how should VCs adjust strategies accordingly?,False,True,False,2.15,81,label_shuffled,True,False
42,Impact of interest rates on VC funding,How do recent interest rate hikes affect risk appetite in venture capital funding rounds?,True,True,True,1.71,81,label_shuffled,True,False
43,Impact of interest rates on VC funding,How do recent interest rate hikes affect risk appetite in venture capital funding rounds?,False,True,False,3.89,74,label_shuffled,True,False
46,Identifying financial bubbles in tech,"What indicators suggest a financial bubble is forming in the tech sector, and how should a VC approach investing during such periods?",True,True,True,1.55,75,label_shuffled,True,False
47,Identifying financial bubbles in tech,"What indicators suggest a financial bubble is forming in the tech sector, and how should a VC approach investing during such periods?",False,True,False,2.31,77,label_shuffled,True,False
48,Role of angel investors in seed stage,"What is the role of angel investors in the seed stage, and how can their involvement impact startup success and future funding rounds?",True,True,True,1.48,85,label_shuffled,True,False
49,Role of angel investors in seed stage,"What is the role of angel investors in the seed stage, and how can their involvement impact startup success and future funding rounds?",False,True,False,1.45,75,label_shuffled,True,False
52,Evaluating founder potential and team dynamics,What key factors would you evaluate to assess founder potential and team dynamics in a seed-stage startup?,True,True,True,1.76,80,label_shuffled,True,False
53,Evaluating founder potential and team dynamics,What key factors would you evaluate to assess founder potential and team dynamics in a seed-stage startup?,False,True,False,2.36,74,label_shuffled,True,False
54,Impact of ESG criteria on startup evaluations,How does integrating ESG criteria influence a startup's evaluation in early funding rounds?,True,True,True,2.71,81,label_shuffled,True,False
55,Impact of ESG criteria on startup evaluations,How does integrating ESG criteria influence a startup's evaluation in early funding rounds?,False,True,False,2.28,73,label_shuffled,True,False
58,Valuation strategies for AI companies,How to assess valuation for an early-stage AI startup with nascent revenue?,True,True,True,2.1,83,label_shuffled,True,False
59,Valuation strategies for AI companies,How to assess valuation for an early-stage AI startup with nascent revenue?,False,True,False,1.89,79,label_shuffled,True,False
64,Understanding equity dilution in funding rounds,How does equity dilution affect founders post-series A in terms of control and future fundraising?,True,True,True,1.59,83,label_shuffled,True,False
65,Understanding equity dilution in funding rounds,How does equity dilution affect founders post-series A in terms of control and future fundraising?,False,True,False,2.6,74,label_shuffled,True,False
72,Analyzing churn rate in subscription-based models,What key metrics and strategies should a startup prioritize to effectively manage and reduce churn rate in a subscription-based business model?,True,True,True,1.9,78,label_shuffled,True,False
73,Analyzing churn rate in subscription-based models,What key metrics and strategies should a startup prioritize to effectively manage and reduce churn rate in a subscription-based business model?,False,True,False,1.84,82,label_shuffled,True,False
74,Pricing strategies for tech startups,How should an early-stage SaaS startup approach its initial pricing strategy to attract early adopters while ensuring sustainable unit economics?,True,True,True,1.55,80,label_shuffled,True,False
75,Pricing strategies for tech startups,How should an early-stage SaaS startup approach its initial pricing strategy to attract early adopters while ensuring sustainable unit economics?,False,True,False,1.55,75,label_shuffled,True,False
76,Impact of network effects on startup growth,How do strong network effects impact a startup's valuation and market position during early growth stages?,True,True,True,1.87,82,label_shuffled,True,False
77,Impact of network effects on startup growth,How do strong network effects impact a startup's valuation and market position during early growth stages?,False,True,False,1.87,81,label_shuffled,True,False
82,Importance of intellectual property in tech valuations,"How does intellectual property influence tech startup valuations, and what key factors should VCs consider?",True,True,True,3.23,81,label_shuffled,True,False
83,Importance of intellectual property in tech valuations,"How does intellectual property influence tech startup valuations, and what key factors should VCs consider?",False,True,False,1.65,80,label_shuffled,True,False
86,Customer acquisition cost optimization,What strategies would you implement to optimize CAC in an early-stage SaaS startup?,True,True,True,1.61,74,label_shuffled,True,False
87,Customer acquisition cost optimization,What strategies would you implement to optimize CAC in an early-stage SaaS startup?,False,False,True,3.11,80,label_shuffled,False,False
92,Effective board management in startups,What are the key elements of effective board management in startups?,True,True,True,1.98,81,label_shuffled,True,False
93,Effective board management in startups,What are the key elements of effective board management in startups?,False,True,False,1.94,80,label_shuffled,True,False
96,Analyzing exit trends in the tech industry,What are the key factors when evaluating tech startup exit trends over the past five years?,True,True,True,1.57,75,label_shuffled,True,False
97,Analyzing exit trends in the tech industry,What are the key factors when evaluating tech startup exit trends over the past five years?,False,False,True,2.32,73,label_shuffled,False,False
102,Navigating antitrust issues in tech mergers,What factors must be assessed to ensure a tech merger complies with antitrust regulations?,True,True,True,1.36,80,label_shuffled,True,False
103,Navigating antitrust issues in tech mergers,What factors must be assessed to ensure a tech merger complies with antitrust regulations?,False,True,False,1.55,80,label_shuffled,True,False
104,Financial projections for hardware startups,"What are the key financial projections metrics investors look for in hardware startups, and why are they crucial for investment decisions?",True,True,True,2.43,79,label_shuffled,True,False
105,Financial projections for hardware startups,"What are the key financial projections metrics investors look for in hardware startups, and why are they crucial for investment decisions?",False,False,True,2.81,85,label_shuffled,False,False
114,Syndication dynamics in venture capital,How do syndication dynamics influence valuation and deal terms in Series A rounds?,True,True,True,2.29,77,label_shuffled,True,False
115,Syndication dynamics in venture capital,How do syndication dynamics influence valuation and deal terms in Series A rounds?,False,True,False,1.94,81,label_shuffled,True,False
116,Real options analysis in startup investments,How would you apply real options analysis to evaluate a startup investment opportunity?,True,True,True,1.84,75,label_shuffled,True,False
117,Real options analysis in startup investments,How would you apply real options analysis to evaluate a startup investment opportunity?,False,True,False,1.37,80,label_shuffled,True,False
118,Measuring unit economics in SaaS businesses,What are the critical SaaS unit economics metrics to evaluate before investment?,True,True,True,2.67,76,label_shuffled,True,False
119,Measuring unit economics in SaaS businesses,What are the critical SaaS unit economics metrics to evaluate before investment?,False,False,True,1.76,77,label_shuffled,False,False
120,Assessing scale potential in platform businesses,How do you assess the scale potential of a platform business in its early stages?,True,True,True,1.58,73,label_shuffled,True,False
121,Assessing scale potential in platform businesses,How do you assess the scale potential of a platform business in its early stages?,False,False,True,1.75,74,label_shuffled,False,False
126,Impact of currency fluctuations on global startup evaluations,"How do currency fluctuations impact the valuation of startups with global operations, and what measures can they take to mitigate related risks?",True,True,True,1.57,82,label_shuffled,True,False
127,Impact of currency fluctuations on global startup evaluations,"How do currency fluctuations impact the valuation of startups with global operations, and what measures can they take to mitigate related risks?",False,True,False,1.79,74,label_shuffled,True,False
130,Understanding customer segmentation in tech startups,How should a tech startup approach customer segmentation to optimize growth and user acquisition?,True,True,True,1.56,80,label_shuffled,True,False
131,Understanding customer segmentation in tech startups,How should a tech startup approach customer segmentation to optimize growth and user acquisition?,False,True,False,1.89,77,label_shuffled,True,False
138,Convergence trends in telecom and tech,Evaluate a startup's strategy to leverage convergence in telecom and tech from a VC perspective.,True,True,True,2.63,77,label_shuffled,True,False
139,Convergence trends in telecom and tech,Evaluate a startup's strategy to leverage convergence in telecom and tech from a VC perspective.,False,True,False,1.9,77,label_shuffled,False,True
142,Use of special purpose acquisition companies (SPACs) in tech,Explain key considerations for a tech startup going public via a SPAC merger.,True,True,True,1.53,73,label_shuffled,True,False
143,Use of special purpose acquisition companies (SPACs) in tech,Explain key considerations for a tech startup going public via a SPAC merger.,False,False,True,2.32,79,label_shuffled,False,False
144,Effect of remote work trends on startup operations,How do remote work trends influence the valuation metrics for early-stage tech startups?,True,True,True,2.69,74,label_shuffled,True,False
145,Effect of remote work trends on startup operations,How do remote work trends influence the valuation metrics for early-stage tech startups?,False,True,False,2.05,81,label_shuffled,True,False
148,Key success metrics for D2C tech startups,What are the critical metrics to evaluate when assessing the viability and growth potential of a Direct-to-Consumer (D2C) tech startup?,True,False,False,1.86,74,label_shuffled,False,False
149,Key success metrics for D2C tech startups,What are the critical metrics to evaluate when assessing the viability and growth potential of a Direct-to-Consumer (D2C) tech startup?,False,False,True,2.37,82,label_shuffled,False,False
150,Valuation challenges for biotech startups,What are the key factors investors consider when valuing early-stage biotech startups?,True,True,True,3.11,82,label_shuffled,True,False
151,Valuation challenges for biotech startups,What are the key factors investors consider when valuing early-stage biotech startups?,False,False,True,1.91,74,label_shuffled,False,False
152,Impact of cybersecurity incidents on valuations,"How do cybersecurity incidents typically impact a startup's valuation during funding rounds, and what metrics should investors scrutinize closely post-incident?",True,True,True,1.53,80,label_shuffled,True,False
153,Impact of cybersecurity incidents on valuations,"How do cybersecurity incidents typically impact a startup's valuation during funding rounds, and what metrics should investors scrutinize closely post-incident?",False,True,False,2.14,78,label_shuffled,True,False
154,Importance of founder-market fit,"How does founder-market fit influence early-stage startup success, and what indicators show strong alignment in this area?",True,True,True,1.9,75,label_shuffled,True,False
155,Importance of founder-market fit,"How does founder-market fit influence early-stage startup success, and what indicators show strong alignment in this area?",False,True,False,2.28,74,label_shuffled,True,False
156,Platform dependency risks in SaaS businesses,How should SaaS startups evaluate and mitigate platform dependency risks?,True,True,True,2.27,82,label_shuffled,True,False
157,Platform dependency risks in SaaS businesses,How should SaaS startups evaluate and mitigate platform dependency risks?,False,True,False,1.56,81,label_shuffled,True,False
